Workbook

Sheet Configuration
B2: PROJECT CONFIGURATION
B4: Project Settings
B5: Embedment Tolerance (ft): | C5: 1 | D5: Change this value to adjust your project tolerance
B7: Pile Types (Customize Your Types Here)
B8: Pile Type Name | C8: Description (Optional)
B9: Type A | C9: 12" Square Concrete Piles
B10: Type B | C10: 14" Square Concrete Piles
B11: Type C | C11: 16" Square Concrete Piles
B12: Type D | C12: H-Piles
C13: Add more types as needed...
B15: INSTRUCTIONS: Edit the Pile Type names above to match your project. The dropdowns in Plot Plan and Field Data Entry will automatically use these values. Add or remove rows as needed.

Sheet Plot Plan
A1: Pile Name | B1: Pile Type | C1: Block | D1: Design Embedment (ft) | E1: Location/Grid | F1: Custom Field 1 | G1: Custom Field 2 | H1: Custom Field 3 | I1: Notes
A2: P-001 | B2: Type A | C2: Block 1 | D2: 45 | E2: Grid A1
A3: P-002 | B3: Type A | C3: Block 1 | D3: 45 | E3: Grid A2
A4: P-003 | B4: Type B | C4: Block 1 | D4: 50 | E4: Grid A3
A5: P-004 | B5: Type B | C5: Block 2 | D5: 50 | E5: Grid B1
A6: P-005 | B6: Type C | C6: Block 2 | D6: 55 | E6: Grid B2

Sheet Field Data Entry
A1: Date | B1: Pile Name | C1: Inspector | D1: Start Time | E1: End Time | F1: Drive Time (min) | G1: Embedment (ft) | H1: Refusal | I1: Status | J1: Design Embedment (ft) | K1: Pile Type | L1: Block | M1: Custom Field 1 | N1: Custom Field 2 | O1: Custom Field 3 | P1: Notes
A2: 45672 | B2: P-001 | C2: John Smith | D2: 08:00 | E2: 08:45 | F2: =IF(AND(D2<>"",E2<>""),((TIMEVALUE(E2)-TIMEVALUE(D2))*24*60),"") | G2: 46 | H2: No | I2: =IF(G2="","Pending",IF(G2>=J2,"Accepted",IF(G2>=(J2-Configuration!$C$5),"Tolerance","Refusal"))) | J2: =IFERROR(VLOOKUP(B2,'Plot Plan'!$A:$D,4,FALSE),"") | K2: =IFERROR(VLOOKUP(B2,'Plot Plan'!$A:$B,2,FALSE),"") | L2: =IFERROR(VLOOKUP(B2,'Plot Plan'!$A:$C,3,FALSE),"")
A3: 45672 | B3: P-002 | C3: John Smith | D3: 09:00 | E3: 09:30 | F3: =IF(AND(D3<>"",E3<>""),((TIMEVALUE(E3)-TIMEVALUE(D3))*24*60),"") | G3: 44.5 | H3: No | I3: =IF(G3="","Pending",IF(G3>=J3,"Accepted",IF(G3>=(J3-Configuration!$C$5),"Tolerance","Refusal"))) | J3: =IFERROR(VLOOKUP(B3,'Plot Plan'!$A:$D,4,FALSE),"") | K3: =IFERROR(VLOOKUP(B3,'Plot Plan'!$A:$B,2,FALSE),"") | L3: =IFERROR(VLOOKUP(B3,'Plot Plan'!$A:$C,3,FALSE),"")
A4: 45673 | B4: P-003 | C4: Jane Doe | D4: 10:00 | E4: 11:15 | F4: =IF(AND(D4<>"",E4<>""),((TIMEVALUE(E4)-TIMEVALUE(D4))*24*60),"") | G4: 51 | H4: No | I4: =IF(G4="","Pending",IF(G4>=J4,"Accepted",IF(G4>=(J4-Configuration!$C$5),"Tolerance","Refusal"))) | J4: =IFERROR(VLOOKUP(B4,'Plot Plan'!$A:$D,4,FALSE),"") | K4: =IFERROR(VLOOKUP(B4,'Plot Plan'!$A:$B,2,FALSE),"") | L4: =IFERROR(VLOOKUP(B4,'Plot Plan'!$A:$C,3,FALSE),"")
A5: 45673 | B5: P-004 | C5: Jane Doe | D5: 13:00 | E5: 13:25 | F5: =IF(AND(D5<>"",E5<>""),((TIMEVALUE(E5)-TIMEVALUE(D5))*24*60),"") | G5: 48 | H5: No | I5: =IF(G5="","Pending",IF(G5>=J5,"Accepted",IF(G5>=(J5-Configuration!$C$5),"Tolerance","Refusal"))) | J5: =IFERROR(VLOOKUP(B5,'Plot Plan'!$A:$D,4,FALSE),"") | K5: =IFERROR(VLOOKUP(B5,'Plot Plan'!$A:$B,2,FALSE),"") | L5: =IFERROR(VLOOKUP(B5,'Plot Plan'!$A:$C,3,FALSE),"")
A6: 45674 | B6: P-005 | C6: John Smith | D6: 08:30 | E6: 09:45 | F6: =IF(AND(D6<>"",E6<>""),((TIMEVALUE(E6)-TIMEVALUE(D6))*24*60),"") | G6: 53 | H6: Yes | I6: =IF(G6="","Pending",IF(G6>=J6,"Accepted",IF(G6>=(J6-Configuration!$C$5),"Tolerance","Refusal"))) | J6: =IFERROR(VLOOKUP(B6,'Plot Plan'!$A:$D,4,FALSE),"") | K6: =IFERROR(VLOOKUP(B6,'Plot Plan'!$A:$B,2,FALSE),"") | L6: =IFERROR(VLOOKUP(B6,'Plot Plan'!$A:$C,3,FALSE),"")
F7: =IF(AND(D7<>"",E7<>""),((TIMEVALUE(E7)-TIMEVALUE(D7))*24*60),"") | I7: =IF(G7="","Pending",IF(G7>=J7,"Accepted",IF(G7>=(J7-Configuration!$C$5),"Tolerance","Refusal"))) | J7: =IFERROR(VLOOKUP(B7,'Plot Plan'!$A:$D,4,FALSE),"") | K7: =IFERROR(VLOOKUP(B7,'Plot Plan'!$A:$B,2,FALSE),"") | L7: =IFERROR(VLOOKUP(B7,'Plot Plan'!$A:$C,3,FALSE),"")
F8: =IF(AND(D8<>"",E8<>""),((TIMEVALUE(E8)-TIMEVALUE(D8))*24*60),"") | I8: =IF(G8="","Pending",IF(G8>=J8,"Accepted",IF(G8>=(J8-Configuration!$C$5),"Tolerance","Refusal"))) | J8: =IFERROR(VLOOKUP(B8,'Plot Plan'!$A:$D,4,FALSE),"") | K8: =IFERROR(VLOOKUP(B8,'Plot Plan'!$A:$B,2,FALSE),"") | L8: =IFERROR(VLOOKUP(B8,'Plot Plan'!$A:$C,3,FALSE),"")
F9: =IF(AND(D9<>"",E9<>""),((TIMEVALUE(E9)-TIMEVALUE(D9))*24*60),"") | I9: =IF(G9="","Pending",IF(G9>=J9,"Accepted",IF(G9>=(J9-Configuration!$C$5),"Tolerance","Refusal"))) | J9: =IFERROR(VLOOKUP(B9,'Plot Plan'!$A:$D,4,FALSE),"") | K9: =IFERROR(VLOOKUP(B9,'Plot Plan'!$A:$B,2,FALSE),"") | L9: =IFERROR(VLOOKUP(B9,'Plot Plan'!$A:$C,3,FALSE),"")
F10: =IF(AND(D10<>"",E10<>""),((TIMEVALUE(E10)-TIMEVALUE(D10))*24*60),"") | I10: =IF(G10="","Pending",IF(G10>=J10,"Accepted",IF(G10>=(J10-Configuration!$C$5),"Tolerance","Refusal"))) | J10: =IFERROR(VLOOKUP(B10,'Plot Plan'!$A:$D,4,FALSE),"") | K10: =IFERROR(VLOOKUP(B10,'Plot Plan'!$A:$B,2,FALSE),"") | L10: =IFERROR(VLOOKUP(B10,'Plot Plan'!$A:$C,3,FALSE),"")
F11: =IF(AND(D11<>"",E11<>""),((TIMEVALUE(E11)-TIMEVALUE(D11))*24*60),"") | I11: =IF(G11="","Pending",IF(G11>=J11,"Accepted",IF(G11>=(J11-Configuration!$C$5),"Tolerance","Refusal"))) | J11: =IFERROR(VLOOKUP(B11,'Plot Plan'!$A:$D,4,FALSE),"") | K11: =IFERROR(VLOOKUP(B11,'Plot Plan'!$A:$B,2,FALSE),"") | L11: =IFERROR(VLOOKUP(B11,'Plot Plan'!$A:$C,3,FALSE),"")
F12: =IF(AND(D12<>"",E12<>""),((TIMEVALUE(E12)-TIMEVALUE(D12))*24*60),"") | I12: =IF(G12="","Pending",IF(G12>=J12,"Accepted",IF(G12>=(J12-Configuration!$C$5),"Tolerance","Refusal"))) | J12: =IFERROR(VLOOKUP(B12,'Plot Plan'!$A:$D,4,FALSE),"") | K12: =IFERROR(VLOOKUP(B12,'Plot Plan'!$A:$B,2,FALSE),"") | L12: =IFERROR(VLOOKUP(B12,'Plot Plan'!$A:$C,3,FALSE),"")
F13: =IF(AND(D13<>"",E13<>""),((TIMEVALUE(E13)-TIMEVALUE(D13))*24*60),"") | I13: =IF(G13="","Pending",IF(G13>=J13,"Accepted",IF(G13>=(J13-Configuration!$C$5),"Tolerance","Refusal"))) | J13: =IFERROR(VLOOKUP(B13,'Plot Plan'!$A:$D,4,FALSE),"") | K13: =IFERROR(VLOOKUP(B13,'Plot Plan'!$A:$B,2,FALSE),"") | L13: =IFERROR(VLOOKUP(B13,'Plot Plan'!$A:$C,3,FALSE),"")
F14: =IF(AND(D14<>"",E14<>""),((TIMEVALUE(E14)-TIMEVALUE(D14))*24*60),"") | I14: =IF(G14="","Pending",IF(G14>=J14,"Accepted",IF(G14>=(J14-Configuration!$C$5),"Tolerance","Refusal"))) | J14: =IFERROR(VLOOKUP(B14,'Plot Plan'!$A:$D,4,FALSE),"") | K14: =IFERROR(VLOOKUP(B14,'Plot Plan'!$A:$B,2,FALSE),"") | L14: =IFERROR(VLOOKUP(B14,'Plot Plan'!$A:$C,3,FALSE),"")
F15: =IF(AND(D15<>"",E15<>""),((TIMEVALUE(E15)-TIMEVALUE(D15))*24*60),"") | I15: =IF(G15="","Pending",IF(G15>=J15,"Accepted",IF(G15>=(J15-Configuration!$C$5),"Tolerance","Refusal"))) | J15: =IFERROR(VLOOKUP(B15,'Plot Plan'!$A:$D,4,FALSE),"") | K15: =IFERROR(VLOOKUP(B15,'Plot Plan'!$A:$B,2,FALSE),"") | L15: =IFERROR(VLOOKUP(B15,'Plot Plan'!$A:$C,3,FALSE),"")
F16: =IF(AND(D16<>"",E16<>""),((TIMEVALUE(E16)-TIMEVALUE(D16))*24*60),"") | I16: =IF(G16="","Pending",IF(G16>=J16,"Accepted",IF(G16>=(J16-Configuration!$C$5),"Tolerance","Refusal"))) | J16: =IFERROR(VLOOKUP(B16,'Plot Plan'!$A:$D,4,FALSE),"") | K16: =IFERROR(VLOOKUP(B16,'Plot Plan'!$A:$B,2,FALSE),"") | L16: =IFERROR(VLOOKUP(B16,'Plot Plan'!$A:$C,3,FALSE),"")
F17: =IF(AND(D17<>"",E17<>""),((TIMEVALUE(E17)-TIMEVALUE(D17))*24*60),"") | I17: =IF(G17="","Pending",IF(G17>=J17,"Accepted",IF(G17>=(J17-Configuration!$C$5),"Tolerance","Refusal"))) | J17: =IFERROR(VLOOKUP(B17,'Plot Plan'!$A:$D,4,FALSE),"") | K17: =IFERROR(VLOOKUP(B17,'Plot Plan'!$A:$B,2,FALSE),"") | L17: =IFERROR(VLOOKUP(B17,'Plot Plan'!$A:$C,3,FALSE),"")
F18: =IF(AND(D18<>"",E18<>""),((TIMEVALUE(E18)-TIMEVALUE(D18))*24*60),"") | I18: =IF(G18="","Pending",IF(G18>=J18,"Accepted",IF(G18>=(J18-Configuration!$C$5),"Tolerance","Refusal"))) | J18: =IFERROR(VLOOKUP(B18,'Plot Plan'!$A:$D,4,FALSE),"") | K18: =IFERROR(VLOOKUP(B18,'Plot Plan'!$A:$B,2,FALSE),"") | L18: =IFERROR(VLOOKUP(B18,'Plot Plan'!$A:$C,3,FALSE),"")
... F1000: =IF(AND(D1000<>"",E1000<>""),((TIMEVALUE(E1000)-TIMEVALUE(D1000))*24*60),"") | I1000: =IF(G1000="","Pending",IF(G1000>=J1000,"Accepted",IF(G1000>=(J1000-Configuration!$C$5),"Tolerance","Refusal"))) | J1000: =IFERROR(VLOOKUP(B1000,'Plot Plan'!$A:$D,4,FALSE),"") | K1000: =IFERROR(VLOOKUP(B1000,'Plot Plan'!$A:$B,2,FALSE),"") | L1000: =IFERROR(VLOOKUP(B1000,'Plot Plan'!$A:$C,3,FALSE),"")

Sheet Dashboard
B2: PILE TRACKER PRO - DASHBOARD
B4: PROJECT INFORMATION
B5: Embedment Tolerance (ft): | C5: ==Configuration!C5
B6: Report Generated: | C6: =TODAY()
B8: OVERALL STATISTICS | E8: BY PILE TYPE
B9: Metric | C9: Count | D9: Percentage | E9: Type | F9: Planned | G9: Installed
B10: Total Piles Planned | C10: =COUNTA('Plot Plan'!A2:A1000) | D10: - | E10: ==Configuration!B9 | F10: =COUNTIF('Plot Plan'!B:B,E10) | G10: =COUNTIF('Field Data Entry'!K:K,E10)
B11: Total Piles Installed | C11: =COUNTA('Field Data Entry'!B2:B1000) | D11: - | E11: ==Configuration!B10 | F11: =COUNTIF('Plot Plan'!B:B,E11) | G11: =COUNTIF('Field Data Entry'!K:K,E11)
B12: Accepted | C12: =COUNTIF('Field Data Entry'!I:I,"Accepted") | D12: =IF(C11>0,C12/C11,0) | E12: ==Configuration!B11 | F12: =COUNTIF('Plot Plan'!B:B,E12) | G12: =COUNTIF('Field Data Entry'!K:K,E12)
B13: Tolerance | C13: =COUNTIF('Field Data Entry'!I:I,"Tolerance") | D13: =IF(C11>0,C13/C11,0) | E13: ==Configuration!B12 | F13: =COUNTIF('Plot Plan'!B:B,E13) | G13: =COUNTIF('Field Data Entry'!K:K,E13)
B14: Refusal | C14: =COUNTIF('Field Data Entry'!I:I,"Refusal") | D14: =IF(C11>0,C14/C11,0)
B15: Pending | C15: =COUNTIF('Field Data Entry'!I:I,"Pending") | D15: =IF(C11>0,C15/C11,0)
B16: Refusals (Yes) | C16: =COUNTIF('Field Data Entry'!H:H,"Yes") | D16: =IF(C11>0,C16/C11,0)
B17: Slow Drive (>60 min) | C17: =COUNTIF('Field Data Entry'!F:F,">60") | D17: =IF(C11>0,C17/C11,0)
B20: INSTRUCTIONS
B21: 1. PLOT PLAN: Enter your expected pile data (paste from your plot plan). This is your master list of piles to be installed.
B22: 2. FIELD DATA ENTRY: Enter actual installation data. The spreadsheet will auto-populate pile type, block, and design embedment.
B23: 3. FORMULAS: Drive time, status, and lookups are calculated automatically. Don't edit formula columns.
B24: 4. STATUS CODES: Accepted (green), Tolerance (yellow), Refusal (red), Pending (gray)
B25: 5. DASHBOARD: View real-time statistics and progress. All charts update automatically.
B26: 6. TOLERANCE: Default is 1 ft. Modify in cell C5 if your project uses a different tolerance.

Sheet Block Analysis
A1: Block | B1: Total Piles | C1: Accepted | D1: Tolerance | E1: Refusal | F1: Pending | G1: % Complete | H1: Avg Drive Time
A2: Block 1 | B2: =COUNTIF('Field Data Entry'!L:L,"Block 1") | C2: =COUNTIFS('Field Data Entry'!L:L,"Block 1",'Field Data Entry'!I:I,"Accepted") | D2: =COUNTIFS('Field Data Entry'!L:L,"Block 1",'Field Data Entry'!I:I,"Tolerance") | E2: =COUNTIFS('Field Data Entry'!L:L,"Block 1",'Field Data Entry'!I:I,"Refusal") | F2: =COUNTIFS('Field Data Entry'!L:L,"Block 1",'Field Data Entry'!I:I,"Pending") | G2: =IF(B2>0,(B2-F2)/B2,0) | H2: =AVERAGEIF('Field Data Entry'!L:L,"Block 1",'Field Data Entry'!F:F)
A3: Block 2 | B3: =COUNTIF('Field Data Entry'!L:L,"Block 2") | C3: =COUNTIFS('Field Data Entry'!L:L,"Block 2",'Field Data Entry'!I:I,"Accepted") | D3: =COUNTIFS('Field Data Entry'!L:L,"Block 2",'Field Data Entry'!I:I,"Tolerance") | E3: =COUNTIFS('Field Data Entry'!L:L,"Block 2",'Field Data Entry'!I:I,"Refusal") | F3: =COUNTIFS('Field Data Entry'!L:L,"Block 2",'Field Data Entry'!I:I,"Pending") | G3: =IF(B3>0,(B3-F3)/B3,0) | H3: =AVERAGEIF('Field Data Entry'!L:L,"Block 2",'Field Data Entry'!F:F)
A4: Block 3 | B4: =COUNTIF('Field Data Entry'!L:L,"Block 3") | C4: =COUNTIFS('Field Data Entry'!L:L,"Block 3",'Field Data Entry'!I:I,"Accepted") | D4: =COUNTIFS('Field Data Entry'!L:L,"Block 3",'Field Data Entry'!I:I,"Tolerance") | E4: =COUNTIFS('Field Data Entry'!L:L,"Block 3",'Field Data Entry'!I:I,"Refusal") | F4: =COUNTIFS('Field Data Entry'!L:L,"Block 3",'Field Data Entry'!I:I,"Pending") | G4: =IF(B4>0,(B4-F4)/B4,0) | H4: =AVERAGEIF('Field Data Entry'!L:L,"Block 3",'Field Data Entry'!F:F)
A5: Block 4 | B5: =COUNTIF('Field Data Entry'!L:L,"Block 4") | C5: =COUNTIFS('Field Data Entry'!L:L,"Block 4",'Field Data Entry'!I:I,"Accepted") | D5: =COUNTIFS('Field Data Entry'!L:L,"Block 4",'Field Data Entry'!I:I,"Tolerance") | E5: =COUNTIFS('Field Data Entry'!L:L,"Block 4",'Field Data Entry'!I:I,"Refusal") | F5: =COUNTIFS('Field Data Entry'!L:L,"Block 4",'Field Data Entry'!I:I,"Pending") | G5: =IF(B5>0,(B5-F5)/B5,0) | H5: =AVERAGEIF('Field Data Entry'!L:L,"Block 4",'Field Data Entry'!F:F)

Sheet Instructions
B2: PILETRACKER PRO - USER GUIDE & INSTRUCTIONS
B4: Welcome to PileTrackerPro!
B5: This Excel template replicates the functionality of the PileTrackerPro web application, allowing you to track pile installation data offline with automatic calculations, visual analytics, and professional reporting.
B7: CUSTOMIZATION & FLEXIBILITY
B9: Configuration Sheet - Your Control Center
B10: The Configuration sheet is where you customize the template to match your project. Here you can: (1) Change the embedment tolerance, (2) Edit pile type names to match your engineering specs, (3) Add or remove pile types as needed. All dropdowns and formulas automatically update when you change these settings!
B12: Flexible CSV Import
B13: Different engineering companies provide different CSV formats. This template includes 3 Custom Fields in both Plot Plan and Field Data Entry sheets. You can rename these column headers to match your CSV columns (e.g., "Pile Length", "Diameter", "Contractor", etc.) and paste your data directly. The core formulas won't be affected.
B15: How to Change Pile Types
B16: Go to Configuration sheet → Edit the Pile Type Name column (cells B9-B20). Your changes will automatically update: (1) Dropdown lists in Plot Plan, (2) Dashboard "By Pile Type" section, (3) All references throughout the workbook. You can have as many or as few pile types as your project requires.
B18: HOW TO USE THIS SPREADSHEET
B20: 1. Configure Your Project in CONFIGURATION Sheet
... B100: © 2025 PileTrackerPro - Excel Template Version
